source,app_name,app_id,review_id,review_title,review_text,rating,user_name,review_date,developer_response,country,extracted_at
Apple App Store,nueva-banbif-app,6736497481,14178632136,Está volando!,Cada vez más simple y más rápida y con nuevas funcionalidades !,5,{'label': 'Jorge Luis Sifuentes'},2026-06-13 17:20:51+00:00,,pe,2026-06-16T16:06:10.544043
Apple App Store,nueva-banbif-app,6736497481,14176319782,Pésimo,"No funciona con usuarios nuevos, llevo 3 meses intentando crear mi clave y me aparece que intente más tarde",1,{'label': 'Jimeneyra'},2026-06-13 03:23:48+00:00,,pe,2026-06-16T16:06:10.544043
Apple App Store,nueva-banbif-app,6736497481,14162483368,No accede con Face ID,No me deja ingresar con el Face ID,1,{'label': 'Greisygs'},2026-06-09 14:51:08+00:00,,pe,2026-06-16T16:06:10.544043
Apple App Store,nueva-banbif-app,6736497481,14156122851,Crashea en iOS 15.8.8,"Permite instalar su última versión en iOS 15.8.8 pero apenas se abre, se cierra completamente.",1,{'label': 'Dunkelheit 1'},2026-06-07 21:49:09+00:00,,pe,2026-06-16T16:06:10.544043
Apple App Store,nueva-banbif-app,6736497481,14136271188,Muy buena,Excelente!,5,{'label': 'MFig17'},2026-06-02 18:51:18+00:00,,pe,2026-06-16T16:06:10.544043
Apple App Store,nueva-banbif-app,6736497481,14131110294,Me encanta,mejoró bastante,5,{'label': 'Andreisssssss'},2026-06-01 12:58:15+00:00,,pe,2026-06-16T16:06:10.544043
Apple App Store,nueva-banbif-app,6736497481,14113770205,Funcionalidad,Buenaza! Muy buenas funcionalidades!,5,{'label': 'gzp98gzp'},2026-05-28 00:39:03+00:00,,pe,2026-06-16T16:06:10.544043
Apple App Store,nueva-banbif-app,6736497481,14111604968,Se cierra el Ap,Desde hace más de un mes al querer abrirlo y usarlo se cierra inmediatamente y es muy estresante pensaba que con una actualización se solucionaría. Lo uso en un iPhone 12 Pro Max,1,{'label': 'Alejandro Luján P.'},2026-05-27 12:04:43+00:00,,pe,2026-06-16T16:06:10.544043
Apple App Store,nueva-banbif-app,6736497481,14086799001,Excelente App !!,"La actualización está muy buena, tiene una nueva función de Yape/Plin por voice que es súper práctica",5,{'label': 'KCB2058'},2026-05-20 19:44:34+00:00,,pe,2026-06-16T16:06:10.544043
Apple App Store,nueva-banbif-app,6736497481,14083545191,Reseña,Súper rápida!!,5,{'label': 'Miky Racing'},2026-05-19 22:20:59+00:00,,pe,2026-06-16T16:06:10.544043
Apple App Store,nueva-banbif-app,6736497481,14083495258,App mejorada,La nueva app es mucho mas facil en todo procedimiento,5,{'label': 'oarias21'},2026-05-19 22:00:12+00:00,,pe,2026-06-16T16:06:10.544043
Apple App Store,nueva-banbif-app,6736497481,14083491490,Al fin buenos devs,Gracias por el pago por qr,5,{'label': 'Assault10'},2026-05-19 21:58:37+00:00,,pe,2026-06-16T16:06:10.544043
Apple App Store,nueva-banbif-app,6736497481,14083361132,Buena app,La app es súper rápida,5,{'label': 'Meliza 20'},2026-05-19 21:05:59+00:00,,pe,2026-06-16T16:06:10.544043
Apple App Store,nueva-banbif-app,6736497481,14083361007,Buena app,Excelente app,5,{'label': 'Susan Dávila'},2026-05-19 21:05:56+00:00,,pe,2026-06-16T16:06:10.544043
Apple App Store,nueva-banbif-app,6736497481,14083358639,App Banbif,Buena app la mejor,5,{'label': 'Oscar.0999'},2026-05-19 21:04:59+00:00,,pe,2026-06-16T16:06:10.544043
Apple App Store,nueva-banbif-app,6736497481,14083334202,Banbif,Muy buena app,5,{'label': 'SharonAngeles2003'},2026-05-19 20:55:15+00:00,,pe,2026-06-16T16:06:10.544043
Apple App Store,nueva-banbif-app,6736497481,14083333991,BanBif,Muy buena app,5,{'label': 'JJ412430'},2026-05-19 20:55:10+00:00,,pe,2026-06-16T16:06:10.544043
Apple App Store,nueva-banbif-app,6736497481,14060380227,Muy bueno el aplicativo,Muy practico y sencillo,5,{'label': 'Rebeee123'},2026-05-13 16:07:08+00:00,,pe,2026-06-16T16:06:10.544043
Apple App Store,nueva-banbif-app,6736497481,14060378230,Excelente app,"Me gustó mucho, muy funcional.",5,{'label': 'Moni Oceda'},2026-05-13 16:06:28+00:00,,pe,2026-06-16T16:06:10.544043
Apple App Store,nueva-banbif-app,6736497481,14060378015,Mucho mejor,Ampliamente mejorada con respecto a la app anterior,5,{'label': 'Franco5697'},2026-05-13 16:06:25+00:00,,pe,2026-06-16T16:06:10.544043
Apple App Store,nueva-banbif-app,6736497481,14060376098,Muy buena,Buenazo,5,{'label': 'ShiMiii6754'},2026-05-13 16:05:49+00:00,,pe,2026-06-16T16:06:10.544043
Apple App Store,nueva-banbif-app,6736497481,14060375453,Nueva actualización,Se ve muy bueno todo y ahora permite hacer transferencia con voz,5,{'label': 'Ngtr2000'},2026-05-13 16:05:36+00:00,,pe,2026-06-16T16:06:10.544043
Apple App Store,nueva-banbif-app,6736497481,14040360295,Excelente app!,Tiene un diseño inteligente y es muy fácil de usar para nuevos usuarios,5,{'label': 'lety wv'},2026-05-08 04:53:29+00:00,,pe,2026-06-16T16:06:10.544043
Apple App Store,nueva-banbif-app,6736497481,14040354516,!!!,Es una app muy útil y efectiva ! Cumple con todas las funciones necesarias para transacciones,5,{'label': 'Jasmine RW'},2026-05-08 04:50:30+00:00,,pe,2026-06-16T16:06:10.544043
Apple App Store,nueva-banbif-app,6736497481,14039895944,Excelente app,Al fin pagos QR!!! Muy bien,5,{'label': 'AlvaroG0307'},2026-05-08 01:15:59+00:00,,pe,2026-06-16T16:06:10.544043
Apple App Store,nueva-banbif-app,6736497481,14039761297,Que gran app,Con estos mejoras han cambiado radicalmente la aplicación haciéndola más amigable y eficiente,5,{'label': 'Erik coronado'},2026-05-08 00:17:59+00:00,,pe,2026-06-16T16:06:10.544043
Apple App Store,nueva-banbif-app,6736497481,14039720398,5⭐️,buena app,5,{'label': 'Fiorella2412'},2026-05-08 00:00:24+00:00,,pe,2026-06-16T16:06:10.544043
Apple App Store,nueva-banbif-app,6736497481,14039223443,Excelente experiencia bancaria,"La app es muy intuitiva, rápida y segura. Me permite realizar transferencias, pagos y consultar mis cuentas de manera sencilla. La interfaz es moderna y fácil de entender. Hasta ahora he tenido una muy buena experiencia usando la aplicación. 👏",5,{'label': 'Fanática Appp'},2026-05-07 20:26:17+00:00,,pe,2026-06-16T16:06:10.544043
Apple App Store,nueva-banbif-app,6736497481,14038840267,Voicebank y qr,Me encanta el voicebank y que ahora puedo pagar QR!!!,5,{'label': 'kio198'},2026-05-07 18:00:55+00:00,,pe,2026-06-16T16:06:10.544043
Apple App Store,nueva-banbif-app,6736497481,14033228179,Me encanta,"La aplicación ha mejorado mucho, todo es más fácil y rápido",5,{'label': 'Dealrg123'},2026-05-06 04:21:52+00:00,,pe,2026-06-16T16:06:10.544043
Apple App Store,nueva-banbif-app,6736497481,14010804816,Buena App,Excelente App!!!,5,{'label': 'jhhvjbbjjnk'},2026-04-29 23:04:12+00:00,,pe,2026-06-16T16:06:10.544043
Apple App Store,nueva-banbif-app,6736497481,14010801923,Buena sin embargo aún tiene puntos de mejora como el pago con QR por el resto súper buena!,Buena sin embargo aún tiene puntos de mejora como el pago con QR por el resto súper buena!,4,{'label': 'Wen$$13'},2026-04-29 23:02:58+00:00,,pe,2026-06-16T16:06:10.544043
Apple App Store,nueva-banbif-app,6736497481,14010801235,Excelente,Excelente las nuevas funciones,5,{'label': 'hvcarla'},2026-04-29 23:02:41+00:00,,pe,2026-06-16T16:06:10.544043
Apple App Store,nueva-banbif-app,6736497481,14010797655,Interactiva,Muy intuitiva y fácil de usar,5,{'label': 'Gaby9501'},2026-04-29 23:01:05+00:00,,pe,2026-06-16T16:06:10.544043
Apple App Store,nueva-banbif-app,6736497481,14010770311,Buena app,Todo bien con la aplicación,5,{'label': 'Ronaldx07'},2026-04-29 22:49:03+00:00,,pe,2026-06-16T16:06:10.544043
Apple App Store,nueva-banbif-app,6736497481,14010764734,Gran APP,Todo bien. Muy buena APP,5,{'label': 'Betoal19'},2026-04-29 22:46:38+00:00,,pe,2026-06-16T16:06:10.544043
Apple App Store,nueva-banbif-app,6736497481,14010758634,Fácil de usar,Es tuitiva y tiene toda la información a tu alcance.,5,{'label': 'Hugo SM.'},2026-04-29 22:43:59+00:00,,pe,2026-06-16T16:06:10.544043
Apple App Store,nueva-banbif-app,6736497481,14010612381,Buena App,Excelente app! Sigamos para adelante!,5,{'label': 'FabrizioEL'},2026-04-29 21:40:29+00:00,,pe,2026-06-16T16:06:10.544043
Apple App Store,nueva-banbif-app,6736497481,14010610376,Me encanta!,Súper intuitiva!,5,{'label': 'Tangled.11'},2026-04-29 21:39:38+00:00,,pe,2026-06-16T16:06:10.544043
Apple App Store,nueva-banbif-app,6736497481,14010597927,"Moderna, tiene todo lo necesario",Excelente,5,{'label': 'JuanPablo00007'},2026-04-29 21:34:19+00:00,,pe,2026-06-16T16:06:10.544043
Apple App Store,nueva-banbif-app,6736497481,14010593148,Excelente,Muy rapida,5,{'label': 'edudeveloper6390'},2026-04-29 21:32:17+00:00,,pe,2026-06-16T16:06:10.544043
Apple App Store,nueva-banbif-app,6736497481,14010593060,Excelente UxP,Todo bien con el nuevo estilo y ahora se nota la velocidad de la aplicación,5,{'label': 'Alumno2016-1637797'},2026-04-29 21:32:14+00:00,,pe,2026-06-16T16:06:10.544043
Apple App Store,nueva-banbif-app,6736497481,14010580206,Banbif genial !,Me gustó mucho la nueva app! Es mucho más fácil de utilizar !,5,{'label': 'Jhonatan164'},2026-04-29 21:26:42+00:00,,pe,2026-06-16T16:06:10.544043
Apple App Store,nueva-banbif-app,6736497481,14010579760,Excelente aplicación,"A comparación de la anterior , esta va muchísimo mejor",5,{'label': 'joseGoicochea'},2026-04-29 21:26:31+00:00,,pe,2026-06-16T16:06:10.544043
Apple App Store,nueva-banbif-app,6736497481,14010570178,Comentario,Me funciona muy bien,5,{'label': 'Marizavela'},2026-04-29 21:22:27+00:00,,pe,2026-06-16T16:06:10.544043
Apple App Store,nueva-banbif-app,6736497481,14009437316,Presenta Fallas,"Últimamente está fallando, es la única app que presentó problemas.",1,{'label': 'Nataly Sc'},2026-04-29 14:31:14+00:00,,pe,2026-06-16T16:06:10.544043
Apple App Store,nueva-banbif-app,6736497481,14009395006,No me funciona,"Desde que se está usando el aplicativo no puedo hacer transferencias no se activa me acerco y no hay solucion, me mencionan q es pro ser iPhone",1,{'label': 'Ro@ri'},2026-04-29 14:17:29+00:00,,pe,2026-06-16T16:06:10.544043
Apple App Store,nueva-banbif-app,6736497481,13986299791,Buenazo!!!,Todo super Ok !!!,5,{'label': 'Meli.GM'},2026-04-22 20:13:50+00:00,,pe,2026-06-16T16:06:10.544043
Apple App Store,nueva-banbif-app,6736497481,13986290968,Buena,Excelente app,5,{'label': 'Eri1790'},2026-04-22 20:10:17+00:00,,pe,2026-06-16T16:06:10.544043
Apple App Store,nueva-banbif-app,6736497481,13986289099,Muy buena app,Excelente app,5,{'label': 'Rde2411'},2026-04-22 20:09:32+00:00,,pe,2026-06-16T16:06:10.544043
Apple App Store,nueva-banbif-app,6736497481,13986280460,Expectacular,Expectacular,5,{'label': 'Anali Victorio'},2026-04-22 20:06:05+00:00,,pe,2026-06-16T16:06:10.544043
Apple App Store,nueva-banbif-app,6736497481,13986265560,App,Mucho más agil para las transacciones,4,{'label': 'AF0310'},2026-04-22 20:00:09+00:00,,pe,2026-06-16T16:06:10.544043
Apple App Store,nueva-banbif-app,6736497481,13986252149,Súper Buena Actualización,"Esta nueva app es otra cosa! Súper buena, fluida y fácil de usar!",5,{'label': 'PatrickThGr8'},2026-04-22 19:54:53+00:00,,pe,2026-06-16T16:06:10.544043
Apple App Store,nueva-banbif-app,6736497481,13969760472,Nuevo app,Me gusta el nuevo app,5,{'label': 'Banbif26'},2026-04-18 04:34:17+00:00,,pe,2026-06-16T16:06:10.544043
Apple App Store,nueva-banbif-app,6736497481,13969052807,Mejor que la antigua,"La verdad que está mucho mejor que la anterior , se pueden hacer más cosas , y es más dinámica .",4,{'label': 'karinha torres / like 😃'},2026-04-17 23:35:12+00:00,,pe,2026-06-16T16:06:10.544043
Apple App Store,nueva-banbif-app,6736497481,13957273852,No funciona en iPhone 6S,"Al abrir la aplicación se cierra inmediatamente, por lo que no se puede obtener el token digital, y eso vuelve completamente inservible la Banca por Internet Web.",1,{'label': 'zorroperu'},2026-04-14 14:50:08+00:00,,pe,2026-06-16T16:06:10.544043
Apple App Store,nueva-banbif-app,6736497481,13937893416,Ineteractiva,"Muy facil y practica de usar , solo un detalle deberian tener alianzas con otras empresas , para poder hacer pagos desde la aplicacion . pero la app es muy buena y optimizada .",5,{'label': 'JluqueH'},2026-04-09 03:14:05+00:00,,pe,2026-06-16T16:06:10.544043
Apple App Store,nueva-banbif-app,6736497481,13937095869,Alexis Rivas,Me gusta que el aplicativo se esté actualizando y nos den nuevas novedades,5,{'label': 'Marcelo 258'},2026-04-08 21:32:30+00:00,,pe,2026-06-16T16:06:10.544043
Apple App Store,nueva-banbif-app,6736497481,13937087719,Buena,Buena,5,{'label': 'Michel Cheram'},2026-04-08 21:29:04+00:00,,pe,2026-06-16T16:06:10.544043
Apple App Store,nueva-banbif-app,6736497481,13937070724,Buena app,Me facilita las transferencias y ver los productos,5,{'label': 'Alenie03'},2026-04-08 21:21:53+00:00,,pe,2026-06-16T16:06:10.544043
Apple App Store,nueva-banbif-app,6736497481,13937065399,App,App innovador e intuitivo,5,{'label': 'Gigikonecta'},2026-04-08 21:19:44+00:00,,pe,2026-06-16T16:06:10.544043
Apple App Store,nueva-banbif-app,6736497481,13937046782,Buen aplicativo,Excelente app,5,{'label': 'Juarezfabiana'},2026-04-08 21:12:09+00:00,,pe,2026-06-16T16:06:10.544043
Apple App Store,nueva-banbif-app,6736497481,13937046353,Buena app,"Buena app, funcionalidad A1",5,{'label': 'Brandon Barboza'},2026-04-08 21:11:58+00:00,,pe,2026-06-16T16:06:10.544043
Apple App Store,nueva-banbif-app,6736497481,13937039604,Excelente,"Muy eficiente y seguro, en comparación a otros bancos",5,{'label': 'Jomarit'},2026-04-08 21:09:05+00:00,,pe,2026-06-16T16:06:10.544043
Apple App Store,nueva-banbif-app,6736497481,13933114768,No ejecuta,"App no ejecuta en iPhone 7 Plus 15.8.7 Se cierra automático,",1,{'label': 'Jeil016'},2026-04-07 18:37:23+00:00,,pe,2026-06-16T16:06:10.544043
Apple App Store,nueva-banbif-app,6736497481,13911165960,Buen performance,Esta rápida y tiene acceso rápido a tus productos favoritos @giorgioventuraa,5,{'label': 'Giorgio Ventura'},2026-04-01 16:08:57+00:00,,pe,2026-06-16T16:06:10.544043
Apple App Store,nueva-banbif-app,6736497481,13910919056,Buenisima!,"Se nota bastante la actualización, la interfaz mucho más rápida!",5,{'label': 'Ximena Silva'},2026-04-01 14:52:21+00:00,,pe,2026-06-16T16:06:10.544043
Apple App Store,nueva-banbif-app,6736497481,13910842798,App Banbif,Más rapida estable y con funcionalidad voice bank para transferir,5,{'label': 'lmontolla'},2026-04-01 14:29:20+00:00,,pe,2026-06-16T16:06:10.544043
Apple App Store,nueva-banbif-app,6736497481,13908643422,App mejorada,"Ha mejorado la app con los años, hasta ahora no he tenido incidencias",5,{'label': 'M. B. M.'},2026-03-31 23:34:16+00:00,,pe,2026-06-16T16:06:10.544043
Apple App Store,nueva-banbif-app,6736497481,13908417595,Buena App,¡Me encanta la App!,5,{'label': 'LuciPower'},2026-03-31 22:00:12+00:00,,pe,2026-06-16T16:06:10.544043
Apple App Store,nueva-banbif-app,6736497481,13908294168,Mejor interfaz,"Se mejoró la interfaz de bif, se ve mucho mejor y más rápida. Cuenta Instagram @cesar0ficial",5,{'label': 'Cesar Flores Gomez'},2026-03-31 21:09:46+00:00,,pe,2026-06-16T16:06:10.544043
Apple App Store,nueva-banbif-app,6736497481,13906005403,Mejora notable,"Mi usuario de Instagram @johnesquivelcisneros La nueva app corre muy bien, interfaz atractiva y eficiente.",5,{'label': 'John Esquivel Cisneros'},2026-03-31 06:58:50+00:00,,pe,2026-06-16T16:06:10.544043
Apple App Store,nueva-banbif-app,6736497481,13905475062,Opinion,"El app ha tenido una mejora significativa con respecto a la versión anterior, siento que ahora es más intuitiva y sencilla, sin duda un acierto! Instagram: showmanfdez",5,{'label': 'MauriTRC'},2026-03-31 02:28:00+00:00,,pe,2026-06-16T16:06:10.544043
Apple App Store,nueva-banbif-app,6736497481,13905272862,Excelente aplicativo,Permite realizar todas las transferencias sin inconvenientes !!,5,{'label': 'Janethsua'},2026-03-31 01:00:15+00:00,,pe,2026-06-16T16:06:10.544043
Apple App Store,nueva-banbif-app,6736497481,13905137316,Buena app,@adrian.ruiz.29,5,{'label': 'Adrian RM 29'},2026-03-31 00:01:49+00:00,,pe,2026-06-16T16:06:10.544043
Apple App Store,nueva-banbif-app,6736497481,13905122230,Comentario sobre app,"La app es muy llamativa, tiene una interfaz muy juvenil, presenta tiempos de respuesta rápido al clickear y cambiar de pantalla. Fue súper fácil acostumbrase a la app por tener un entorno amigable, 100% recomendado. Usuario de ig: rodrigo.naranjo03",5,{'label': 'Rodrigo Naranjo'},2026-03-30 23:55:18+00:00,,pe,2026-06-16T16:06:10.544043
Apple App Store,nueva-banbif-app,6736497481,13905077112,Excelente App,Esta nueva app es mucho más completa y didáctica al utilizarla. Como usuario hasta ahora no he tenido ningún problema y he podido realizar todas las operaciones y transacciones que he requerido. Instagram: pattynakama,5,{'label': 'Yuriko777'},2026-03-30 23:35:34+00:00,,pe,2026-06-16T16:06:10.544043
Apple App Store,nueva-banbif-app,6736497481,13905073427,Excelente app,"La nueva app del Banbif es muy útil y fácil de usar, lo recomendaría de todas maneras Mi Instagram: @amely.car",5,{'label': 'Amely Carrasco'},2026-03-30 23:33:54+00:00,,pe,2026-06-16T16:06:10.544043
Apple App Store,nueva-banbif-app,6736497481,13905062709,Leny Paz,La nueva aplicación es más práctica y me permite usar el Face ID. Cada vez mejor. Instagram: @leny5217,4,{'label': 'Lemarpa'},2026-03-30 23:29:07+00:00,,pe,2026-06-16T16:06:10.544043
Apple App Store,nueva-banbif-app,6736497481,13905056868,Reseña,La interfaz de la nueva app del Banbif es moderna y amigable. @rcamyi,5,{'label': 'rcamyi'},2026-03-30 23:26:35+00:00,,pe,2026-06-16T16:06:10.544043
Apple App Store,nueva-banbif-app,6736497481,13905056319,Sorteo banbif,"Muy buena aplicación, muy intuitiva y fácil de usar (ig, luiscervantes2409)",5,{'label': 'Luiscervantes2409'},2026-03-30 23:26:21+00:00,,pe,2026-06-16T16:06:10.544043
Apple App Store,nueva-banbif-app,6736497481,13905051286,Buena app,Me gusta la UI es bastante intuitiva y con las opciones que necesito a la mano (ig: diegocentrico1),5,{'label': 'diegosalas1'},2026-03-30 23:24:10+00:00,,pe,2026-06-16T16:06:10.544043
Apple App Store,nueva-banbif-app,6736497481,13905049897,App mejorada,La nueva app facilita el manejo de las transacciones al estar optimizada. Ahora es más rápido. IG carmen.rose4,4,{'label': '210321CR'},2026-03-30 23:23:36+00:00,,pe,2026-06-16T16:06:10.544043
Apple App Store,nueva-banbif-app,6736497481,13905048383,Calificación Nueva Banbif App,"Esta nueva App es rápida, atractiva visualmente y con más funcionalidades. Apruebo completamente la nueva App Banbif. 🙌🏻 IG: @mch.nicole",5,{'label': 'Nicole Castillo Huerta'},2026-03-30 23:22:57+00:00,,pe,2026-06-16T16:06:10.544043
Apple App Store,nueva-banbif-app,6736497481,13894729764,Super rápida!,Mi usuario instagram es @alessandersk8 La nueva app es super rápida y amigable. Felicitaciones por tan excelente trabajo!,5,{'label': 'Alesssanderrr'},2026-03-28 02:42:31+00:00,,pe,2026-06-16T16:06:10.544043
Apple App Store,nueva-banbif-app,6736497481,13894315257,app recomendada!,"me gusta mucho el diseño de la nueva app de banbif, se me hace muy práctica de usar. (ig: @brignytufino)",5,{'label': 'brigny tufiño'},2026-03-27 23:54:55+00:00,,pe,2026-06-16T16:06:10.544043
Apple App Store,nueva-banbif-app,6736497481,13894010767,Realmente buena,Realmente buena actualización. !! Más dinámica y más ágil @piscosour2609,5,{'label': 'neme26'},2026-03-27 21:51:06+00:00,,pe,2026-06-16T16:06:10.544043
Apple App Store,nueva-banbif-app,6736497481,13894005193,Me encanta la nueva app!,"La verdad que me gusta el app, siempre me funciona y los colores la hacen ver moderna y diferente, tiene plin y es fácil hacer transferencias 😃 IG @Bblas19",5,{'label': 'Bblas19'},2026-03-27 21:48:50+00:00,,pe,2026-06-16T16:06:10.544043
Apple App Store,nueva-banbif-app,6736497481,13894000847,Banbif nueva app,Resulta más práctica pude hacer operaciones que antes debía hacerlas en el banco y es mucho más dinámica! IG @berniehernandez62,5,{'label': '@berniehernandez62'},2026-03-27 21:47:04+00:00,,pe,2026-06-16T16:06:10.544043
Apple App Store,nueva-banbif-app,6736497481,13893998647,anto_mqzd,Muy buena,5,{'label': 'Antox_MD'},2026-03-27 21:46:12+00:00,,pe,2026-06-16T16:06:10.544043
Apple App Store,nueva-banbif-app,6736497481,13882338553,Una estupidez de App,"Supuestamente es una mejor versión pero ni ingresar puedo. No me deja ni crear mi usuario, les he escrito y encima de lerdos al final me dijeron que tengo que afiliarme llamando a su tonto número. Tan engorroso alto tan fácil. Una estupidez de las más grandes estupideces esta cochinada de app",1,{'label': 'stansie95'},2026-03-24 15:42:18+00:00,,pe,2026-06-16T16:06:10.544043
Apple App Store,nueva-banbif-app,6736497481,13879670076,Feedback y mejoras,"Buen día, recomiendo implementar la funcionalidad para amortizar a capital créditos como el hipotecario, que es algo que ayudaría a muchas personas, en vez de implementar cosas que no entregan ningún valor como lo último de la voz, además podrían enfocarse primero en bugs de funcionalidades primordiales como ver movimientos.",1,{'label': 'Jeryal'},2026-03-23 20:17:21+00:00,,pe,2026-06-16T16:06:10.544043
Apple App Store,nueva-banbif-app,6736497481,13875106070,App,Muchas actualizaciones y demora en acceder a las transacción,2,{'label': 'Mvm2724'},2026-03-22 13:38:57+00:00,,pe,2026-06-16T16:06:10.544043
Apple App Store,nueva-banbif-app,6736497481,13868388470,Bcc,La mejor app,5,{'label': 'Cxfvh'},2026-03-20 15:44:13+00:00,,pe,2026-06-16T16:06:10.544043
Apple App Store,nueva-banbif-app,6736497481,13866589353,Voice bank,Buena opcion para hacer plin con la voz,5,{'label': 'BIFCALL'},2026-03-20 02:47:49+00:00,,pe,2026-06-16T16:06:10.544043
Apple App Store,nueva-banbif-app,6736497481,13861432095,Validación de Tarjeta Inactiva,"Luego de la entrega de mi TC Visa Gold, traté de registrarme en la aplicación y me salía el mensaje de Clave ATM Incorrecta, luego de 2 intentos llamé al banco y me indicaron que, se activa luego de 48 horas para poder ingresar al sistema ya que se encuentra inactiva. No tienen esa casuística en el momento de registro y les ayudaría bastante a evitar llamadas al banco por este tipo de temas",2,{'label': 'giftme11'},2026-03-18 15:24:47+00:00,,pe,2026-06-16T16:06:10.544043
Apple App Store,nueva-banbif-app,6736497481,13855270652,Buen trabajo,"Muy bien estructurado el app a nivel de flujos, pantallas y funcionalidades! Agradecer que hayan agregado un mayor de funcionalidades que solo se podían hacer en la web!",5,{'label': 'JuanNelsonYupanqui'},2026-03-16 19:37:47+00:00,,pe,2026-06-16T16:06:10.544043
Apple App Store,nueva-banbif-app,6736497481,13835105754,NO SIRVE LA APP,"Cuando abro la APP del banco, inmediatamente e intempestivamente se cierra, ya he reportado el inconveniente pero nadie me atiende ni corrige el problema.",1,{'label': 'Abraham Cornejo'},2026-03-10 23:49:22+00:00,,pe,2026-06-16T16:06:10.544043
Apple App Store,nueva-banbif-app,6736497481,13825636654,Todo lo complican,"Todo complican, aprendan del BCP",1,{'label': 'Luis Finq'},2026-03-08 04:07:35+00:00,,pe,2026-06-16T16:06:10.544043
Apple App Store,nueva-banbif-app,6736497481,13820368511,Pésimo,"Pésimo, no me permite validad identidad",1,{'label': 'Cescai'},2026-03-06 16:53:54+00:00,,pe,2026-06-16T16:06:10.544043
Apple App Store,nueva-banbif-app,6736497481,13817521835,NO FUNCIONAN LOS PAGOS DE SERVICIOS,"No sirven los pagos de servicios , el aplicativo da error cuando se selecciona la opción de PAGOEFECTIVO u otros pagos",1,{'label': 'Alexis BC1223'},2026-03-05 20:31:18+00:00,,pe,2026-06-16T16:06:10.544043
Apple App Store,nueva-banbif-app,6736497481,13817270227,QR,"Todo bien, solo no puedo usar QR para yapear o plinear @romero_tamara",3,{'label': 'raul-romero'},2026-03-05 18:49:25+00:00,,pe,2026-06-16T16:06:10.544043
Apple App Store,nueva-banbif-app,6736497481,13816979498,Buena opcion,Fue una excelente decicion actualizar la app la anterior era bastante compleja de usar esta es mas simple y práctica perfecta diria yo Ig: _santiago.espichan_,5,{'label': 'tiago1298'},2026-03-05 16:59:59+00:00,,pe,2026-06-16T16:06:10.544043
Apple App Store,nueva-banbif-app,6736497481,13814667942,Buenas app,Es una app más dinámica y con más opciones que la anterior que se manejaba sigan mejorando,5,{'label': 'Albertozv'},2026-03-05 00:27:50+00:00,,pe,2026-06-16T16:06:10.544043
Apple App Store,nueva-banbif-app,6736497481,13814555889,PROBLEMA PARA TRANSFERIR,"Buenas noches. He desinstalado e instalado nuevamente el app. Pero tengo un problema a la hora de TRANSFERIR a otras cuentas BanBif. No sé que hacer, porque debo pagar mi préstamo. Por favor, ayúdenme dando una solución: que no sea ir a un banco, porque me encuentro en provincia. El banco más cerca lo tengo a 5 horas aproximadamente. @elmer_0305",1,{'label': 'Elmer_0305'},2026-03-04 23:40:13+00:00,,pe,2026-06-16T16:06:10.544043
Apple App Store,nueva-banbif-app,6736497481,13814399332,App más amigable,La nueva aplicación es mucho más amigable y práctica de usar. Excelente mejora. Mi usuario Instagram es ekahc,5,{'label': 'Erika María De Los Ángeles'},2026-03-04 22:32:21+00:00,,pe,2026-06-16T16:06:10.544043
Apple App Store,nueva-banbif-app,6736497481,13814397578,Carla BM,"La nueva app de Banbif está mucho mejor, mucho más dinámica y ahora más fácil de utilizar. Mi IG: @carlabm25 Me pueden contactar por IG ó por Facebook",5,{'label': 'CarlaBM25'},2026-03-04 22:31:33+00:00,,pe,2026-06-16T16:06:10.544043
Apple App Store,nueva-banbif-app,6736497481,13814382473,Dinámica,"App más dinámica, rápida y buena interfaz (IG lincolsandoval)",5,{'label': 'lincolsandoval'},2026-03-04 22:24:51+00:00,,pe,2026-06-16T16:06:10.544043
Apple App Store,nueva-banbif-app,6736497481,13813954445,Confiable!,"Excelente App, súper amigable, rápida y segura!",5,{'label': 'Iva jav'},2026-03-04 19:25:24+00:00,,pe,2026-06-16T16:06:10.544043
Apple App Store,nueva-banbif-app,6736497481,13813651330,Me encanta!,Funcional y práctica,5,{'label': 'Ame 1510'},2026-03-04 17:27:17+00:00,,pe,2026-06-16T16:06:10.544043
Apple App Store,nueva-banbif-app,6736497481,13804266594,Falla en el iPhone mini,Tengo un iPhone mini 13 y se queda cargando cuando quiero ver mi tarjeta de crédito y no me deja hacer operaciones en esta nueva App,2,{'label': 'Edy Huertas'},2026-03-02 00:11:35+00:00,,pe,2026-06-16T16:06:10.544043
Apple App Store,nueva-banbif-app,6736497481,13788657548,Una App excelente,Edson Fiestas te lo recomiendo. Una app muy buena,3,{'label': 'DiegoJacoAvila'},2026-02-25 18:37:04+00:00,,pe,2026-06-16T16:06:10.544043
Apple App Store,nueva-banbif-app,6736497481,13787844868,Renovación necesaria,"Estéticamente se ve mejor que la anterior app, pensada en el UX! porque el monto de la cuenta ya no es lo primero que se ve, y las transferencias a diferentes destinos es mucho mejor y mantiene la seguridad que me transmitía la anterior app✨ una mejoría muy buena🙌 @alanisconazucar",5,{'label': 'TuntunsahurRAAA'},2026-02-25 14:04:24+00:00,,pe,2026-06-16T16:06:10.544043
Apple App Store,nueva-banbif-app,6736497481,13782742655,Experiencia digital,"Me gusta mucho la nueva aplicación, siento que es más fluida, tengo los atajos de mis operaciones favoritas a la mano para cuando la necesite y la validación token se da en un instante ig: carlo_franccesco",5,{'label': 'Caak00'},2026-02-24 03:01:48+00:00,,pe,2026-06-16T16:06:10.544043
Apple App Store,nueva-banbif-app,6736497481,13782442476,Una súper mejor versión,"Esta nueva versión es más dinámica , más segura con Token facial , esta increíble @caleb_leyton",5,{'label': '@caleb_leyton'},2026-02-24 00:53:20+00:00,,pe,2026-06-16T16:06:10.544043
Apple App Store,nueva-banbif-app,6736497481,13782216627,Moderna y amigable,"Gran actualización, mejor la seguridad, interfaz más amigable y segura. Estoy contento. Gracias por su excelente servicio.",5,{'label': 'Giochmita'},2026-02-23 23:19:40+00:00,,pe,2026-06-16T16:06:10.544043
Apple App Store,nueva-banbif-app,6736497481,13782205982,Súper amigable,"Excelente aplicación bancaria. Es intuitiva, segura y fácil de usar. Permite realizar operaciones de manera rápida y ordenada, lo que facilita mucho la gestión de mis finanzas. Muy recomendable. @beangella_",5,{'label': 'Beangella23'},2026-02-23 23:15:12+00:00,,pe,2026-06-16T16:06:10.544043
Apple App Store,nueva-banbif-app,6736497481,13782195700,Calificación,Me encanta la nueva app de Banbif porque sus comandos son más accesibles. Ahora es más sencillo realizar mis operaciones. Gracias Banbif 🫶🏼 Nombre: Carolina Estefanía. Usuario de Instagram: Carito.estefi,5,{'label': 'Carito Estefi'},2026-02-23 23:10:51+00:00,,pe,2026-06-16T16:06:10.544043
Apple App Store,nueva-banbif-app,6736497481,13782191883,Mejoró muchísimo!,"A comparación de la anterior app, ha mejorado mucho y ahora es más fácil el acceder y hacer movimientos ya sea por plin o depósito. Ig: andreaafh__",5,{'label': 'Andreaafh__'},2026-02-23 23:09:15+00:00,,pe,2026-06-16T16:06:10.544043
Apple App Store,nueva-banbif-app,6736497481,13782191331,Excelente aplicación,"La nueva aplicación es más bastante interactiva, de fácil acceso y se pueden ubicar rápido tus cuentas. @luisgd4",5,{'label': 'Luisgd4'},2026-02-23 23:09:02+00:00,,pe,2026-06-16T16:06:10.544043
Apple App Store,nueva-banbif-app,6736497481,13782188328,Avanzamos juntos,"La nueva app esta increíblemente diseñada, pero solo un paso detrás del resto de bancos, no cuenta aun con Apple Pay @gudolkin",5,{'label': 'Gudo1414141'},2026-02-23 23:07:49+00:00,,pe,2026-06-16T16:06:10.544043
Apple App Store,nueva-banbif-app,6736497481,13782188319,Rápida,"Fácil de usar, amigable aunque a veces demora en la madrugada. @AndreaAdyem Tiktok.",5,{'label': 'Andreaadyem'},2026-02-23 23:07:48+00:00,,pe,2026-06-16T16:06:10.544043
Apple App Store,nueva-banbif-app,6736497481,13767605649,Retiro sin tarjeta,"Quisiera que ya agreguen funciones que antes había, como es posible que inhabiliten la antigua app si aun no estan todas las funciones en la nueva?",1,{'label': 'calensk'},2026-02-19 21:31:33+00:00,,pe,2026-06-16T16:06:10.544043
Apple App Store,nueva-banbif-app,6736497481,13759548774,La mejor app,"Muy rápida, sencilla de usar.",5,{'label': 'Zoy :)'},2026-02-17 15:34:56+00:00,,pe,2026-06-16T16:06:10.544043
Apple App Store,nueva-banbif-app,6736497481,13759401106,Súper práctica,Bastante intuitiva y súper fácil de usar,5,{'label': 'Carlos Mejia V'},2026-02-17 14:45:15+00:00,,pe,2026-06-16T16:06:10.544043
Apple App Store,nueva-banbif-app,6736497481,13756923338,Excepcional,"Muy buen diseño facilidad y buen interface, súper recomendado. @telmo.b.ramos",5,{'label': 'Bar Telmo'},2026-02-16 20:48:17+00:00,,pe,2026-06-16T16:06:10.544043
Apple App Store,nueva-banbif-app,6736497481,13756897341,Muy buena actualización,La nueva app es mucho mejor que el anterior ahora las operaciones se hacen con más rapidez y facilidad @dande_lion009,5,{'label': 'dande_lion009'},2026-02-16 20:37:32+00:00,,pe,2026-06-16T16:06:10.544043
Apple App Store,nueva-banbif-app,6736497481,13756815302,Excelente !,"Me encanta porque todo está actualizado y es más rápido que la anterior ! Su código fácil es excelente ! Ampliaron las agencias de pagos, maravilloso, si tienes duda me puedes escribir al INSTG: @pklwg",5,{'label': 'SandraxLav'},2026-02-16 20:04:26+00:00,,pe,2026-06-16T16:06:10.544043
Apple App Store,nueva-banbif-app,6736497481,13756773800,Más Amigable y versátil!,"La Nueva APP de BanBif ah mejorado notablemente la experiencia de uso, a la altura de las apps de otros bancos! Salvo algunas Intermitencias propias en el sector financiero, mi experiencia ha sido muy agradable!",4,{'label': 'crist.fbr'},2026-02-16 19:48:03+00:00,,pe,2026-06-16T16:06:10.544043
Apple App Store,nueva-banbif-app,6736497481,13756767223,App BanBif recomendado,El interfaz de la app es mucho mejor para realizar nuestras operaciones me encanta mucho aparte que es muy bonita y llamativo . @fio_torres3,5,{'label': 'Fiorella Torres Purizaca'},2026-02-16 19:45:31+00:00,,pe,2026-06-16T16:06:10.544043
Apple App Store,nueva-banbif-app,6736497481,13750425148,Excelente,"Muy buen trabajo, está excelente la nueva APP, hasta ahora no he tenido ningún inconveniente 🙌 @victordn.g",5,{'label': 'vdgomezv'},2026-02-15 02:01:37+00:00,,pe,2026-06-16T16:06:10.544043
Apple App Store,nueva-banbif-app,6736497481,13748368150,Buena,Es una app muy atractiva y fácil de usar @vilyangel,4,{'label': 'Vily Angel'},2026-02-14 13:17:52+00:00,,pe,2026-06-16T16:06:10.544043
Apple App Store,nueva-banbif-app,6736497481,13739280070,Genial,"El ingreso biométrico es espectacular, me ahorra mucho tiempo y la app en general es mas rápida que la anterior. Ha sido un excelente avance para una mayor satisfacción de los usuarios. @rumiygari26",5,{'label': 'Rumi Ygari'},2026-02-11 22:52:44+00:00,,pe,2026-06-16T16:06:10.544043
Apple App Store,nueva-banbif-app,6736497481,13739271677,Opinión,"Me parece que la nueva App de BanBif es muy optima para las diversas operaciones, me ha ido bien con el aplicativo y su uso es sencillo para todo cliente del Banco. Atte. IG. cynthia.vanessa.maldonado",5,{'label': 'Dando reseñas'},2026-02-11 22:49:01+00:00,,pe,2026-06-16T16:06:10.544043
Apple App Store,nueva-banbif-app,6736497481,13739260333,Nueva App Banbif,La nueva App es más rápida y eficiente 🤩 @paul_itamar,5,{'label': 'paul_itamar'},2026-02-11 22:43:55+00:00,,pe,2026-06-16T16:06:10.544043
Apple App Store,nueva-banbif-app,6736497481,13739251130,MEJORA EN TODO,"La aplicación se volvió más rápida , tiene más accesibilidad , la interfaz mucho más atractiva ya no hay tanta falla técnica y ahora plin no se cuelga en la madrugada!!! Mejoraron bastante , muchas gracias! @pjguz24 ( Instagram )",5,{'label': 'pjguz24'},2026-02-11 22:39:50+00:00,,pe,2026-06-16T16:06:10.544043
Apple App Store,nueva-banbif-app,6736497481,13739241620,Calificacion,"Muy buena app para realizar transferencias y pagos, muy recomendado.",5,{'label': 'alessiosaenzz'},2026-02-11 22:35:37+00:00,,pe,2026-06-16T16:06:10.544043
Apple App Store,nueva-banbif-app,6736497481,13739228438,La mejor app☀️,"La aplicación es super rápida para navegar y me permite hacer mis transferencias y plin más rápido y seguro ya que me aparece el nombre completo, recomendadisimo. Instagram: rubi_toribio",5,{'label': 'Toribio981498'},2026-02-11 22:29:45+00:00,,pe,2026-06-16T16:06:10.544043
Apple App Store,nueva-banbif-app,6736497481,13739024314,Mejorando!,"Esta nueva App está mucho mejor que la versión anterior, no se “cuelga” y trabaja rápido",5,{'label': 'JaLaSu'},2026-02-11 21:00:42+00:00,,pe,2026-06-16T16:06:10.544043
Apple App Store,nueva-banbif-app,6736497481,13738969406,Transferencia a un contacto,El app es genial para poder realizar transferencia a un contacto.,5,{'label': 'Janet Velásquez'},2026-02-11 20:37:42+00:00,,pe,2026-06-16T16:06:10.544043
Apple App Store,nueva-banbif-app,6736497481,13738907258,Una buena App,Se actualiza fácilmente,5,{'label': 'Rexkale'},2026-02-11 20:12:05+00:00,,pe,2026-06-16T16:06:10.544043
Apple App Store,nueva-banbif-app,6736497481,13738906399,Excelente app,Aplicativo mucho más amigable para poder realizar mis operaciones!,5,{'label': 'Nicol Arancel'},2026-02-11 20:11:45+00:00,,pe,2026-06-16T16:06:10.544043
Apple App Store,nueva-banbif-app,6736497481,13738905206,Excelente,Me encanta,5,{'label': 'Yodi Chunga'},2026-02-11 20:11:16+00:00,,pe,2026-06-16T16:06:10.544043
Apple App Store,nueva-banbif-app,6736497481,13735738054,Genial!!!,"La App está muy buena, no tengo ningún problema, es bastante amigable y fácil de usar. Sigan mejorando! @anthaiale",5,{'label': 'Anthaimel'},2026-02-10 22:58:23+00:00,,pe,2026-06-16T16:06:10.544043
Apple App Store,nueva-banbif-app,6736497481,13734917602,Sensacional,Super dinámica y he encontrado rutas más rápidas que en la anterior app. @jjhazul,5,{'label': 'Jjhazul'},2026-02-10 17:27:32+00:00,,pe,2026-06-16T16:06:10.544043
Apple App Store,nueva-banbif-app,6736497481,13734792198,Excelente,Excelentes mejoras en la APP! @fannyriega,5,{'label': 'FANNYYRR'},2026-02-10 16:43:15+00:00,,pe,2026-06-16T16:06:10.544043
Apple App Store,nueva-banbif-app,6736497481,13731272954,Fácil y rápida,Fue súper rápida y sencilla para una transacción que necesitaba,5,{'label': 'JL1355'},2026-02-09 16:57:53+00:00,,pe,2026-06-16T16:06:10.544043
Apple App Store,nueva-banbif-app,6736497481,13730696604,Fluidez y buen diseño,"Me encanta el nuevo diseño de la app de Banbif, la facilidad con la que encuentro las opciones y también la autenticación con biométrica fácil me fascina! 10/10",5,{'label': 'lbando'},2026-02-09 13:46:51+00:00,,pe,2026-06-16T16:06:10.544043
Apple App Store,nueva-banbif-app,6736497481,13723805105,Caida del app,"Funcionaba de maravilla, ahora q lo pongo . Se cierra automatico y el app anterior no deja abrirlo, lastima xq me parecia un avanza genial, pero lastimosamente cayo",1,{'label': 'Manolo2017'},2026-02-07 16:32:39+00:00,,pe,2026-06-16T16:06:10.544043
Apple App Store,nueva-banbif-app,6736497481,13721210419,falla de biometrico facial,"pesima no funciona el biometrico facial , queiro recuperar contraseña y pide verificacion faciial y esta fallando el facial arreglen eso por favor",1,{'label': 'andrewsxd'},2026-02-07 00:09:46+00:00,,pe,2026-06-16T16:06:10.544043
Apple App Store,nueva-banbif-app,6736497481,13691453230,No se puede ingresar,No recomendable,1,{'label': 'XD 944'},2026-01-30 02:37:37+00:00,,pe,2026-06-16T16:06:10.544043
Apple App Store,nueva-banbif-app,6736497481,13680230508,Súper,Felicitaciones la nueva App está genial. El Face ID súper rápido. 💓,5,{'label': 'S Yoana'},2026-01-27 03:34:26+00:00,,pe,2026-06-16T16:06:10.544043
Apple App Store,nueva-banbif-app,6736497481,13676611035,Mucho mejor respecto a la anterior,"Esta nueva App se ve mucho más moderna, amigable e intuitiva. ¡Felicitaciones! Sin embargo, sugiero cuatro mejoras: 1) poder utilizar la tarjeta con Apple Pay, 2) que te permita ver los datos de la tarjeta (número, fecha de vencimiento, CVV), 3) que en lugar de SMS, te envíe notificaciones cuando realices consumos con la tarjeta y 4) que clasifique los gastos por categoría (restaurantes, salud, etc) según el consumo en cada comercio.",5,{'label': 'MDRLC'},2026-01-26 03:55:43+00:00,,pe,2026-06-16T16:06:10.544043
Apple App Store,nueva-banbif-app,6736497481,13667103447,No carga mis productos,No carga mis productos pesima app. Ni esta ni la otra app eran decentes. Mal experiencia de usuario,1,{'label': 'Renzo Ruiz'},2026-01-23 16:33:29+00:00,,pe,2026-06-16T16:06:10.544043
Apple App Store,nueva-banbif-app,6736497481,13663095955,Error Yape,"Mucho mejor optimizada a comparación de la anterior, lo que sigue fallando es que a veces no permite mandar dinero a Yape con el mensaje de que entidad no disponible, pero si se realiza de plin de otro banco a Yape si permite realizar la operación",4,{'label': 'Vareviel'},2026-01-22 14:42:19+00:00,,pe,2026-06-16T16:06:10.544043
Apple App Store,nueva-banbif-app,6736497481,13662971159,Excelente cambio,"Es una app muy intuitiva, fácil de manejar y simple.",5,{'label': 'Julito Kuga'},2026-01-22 14:02:30+00:00,,pe,2026-06-16T16:06:10.544043
Apple App Store,nueva-banbif-app,6736497481,13656659246,Felicitaciones,Muy buena App!! Felicitaciones!,5,{'label': 'Vituchoam'},2026-01-20 19:53:46+00:00,,pe,2026-06-16T16:06:10.544043
Apple App Store,nueva-banbif-app,6736497481,13655959682,Mejor experiencia de navegación,"Aún hay errores, pero la experiencia de uso es significativamente mejor",5,{'label': 'Jespiba'},2026-01-20 15:52:08+00:00,,pe,2026-06-16T16:06:10.544043
Apple App Store,nueva-banbif-app,6736497481,13655679177,Buena app,Me encanta que sea ágil y que su diseño se haya renovado,5,{'label': 'Liliana23.30'},2026-01-20 14:23:30+00:00,,pe,2026-06-16T16:06:10.544043
Apple App Store,nueva-banbif-app,6736497481,13655589371,Buena app,Solo faltaría que implementen plinear o yapear con QR y todo perfecto,5,{'label': 'NelsonQA'},2026-01-20 13:55:20+00:00,,pe,2026-06-16T16:06:10.544043
Apple App Store,nueva-banbif-app,6736497481,13655587549,Mejora de la Operatividad,Tiene funcionalidades que igualan a otras app’S,4,{'label': 'PatriciaAV'},2026-01-20 13:54:43+00:00,,pe,2026-06-16T16:06:10.544043
Apple App Store,nueva-banbif-app,6736497481,13655587440,Mucho mejor que la anterior,"Esta nueva versión es más moderna, más amigable y funciona mejor.",5,{'label': 'Lorena1783'},2026-01-20 13:54:42+00:00,,pe,2026-06-16T16:06:10.544043
Apple App Store,nueva-banbif-app,6736497481,13644801476,Mmm,"Se supone que esta app iba a ser mejor que la anterior, tengo ambas y ninguna funciona, que está pasando!",1,{'label': 'Cone cone 7'},2026-01-17 17:39:51+00:00,,pe,2026-06-16T16:06:10.544043
Apple App Store,nueva-banbif-app,6736497481,13637245360,Buena aplicación,"Es una app rápida, fácil de usar y segura",5,{'label': 'Kareeeeen Ivett Tarrillo'},2026-01-15 18:28:26+00:00,,pe,2026-06-16T16:06:10.544043
Apple App Store,nueva-banbif-app,6736497481,13633802923,Super nuevo cambio!!!!,Mas ágil que nunca!!,5,{'label': 'ManuelGr24'},2026-01-14 20:11:16+00:00,,pe,2026-06-16T16:06:10.544043
Apple App Store,nueva-banbif-app,6736497481,13633739061,App súper fácil y sencilla,Todo conforme súper rápido ❤️,5,{'label': 'Daisy1&'},2026-01-14 19:47:45+00:00,,pe,2026-06-16T16:06:10.544043
Apple App Store,nueva-banbif-app,6736497481,13633685335,Reseña,Me encanta la nueva app mucho mas rápida,5,{'label': 'Amelia$$2'},2026-01-14 19:27:57+00:00,,pe,2026-06-16T16:06:10.544043
Apple App Store,nueva-banbif-app,6736497481,13633672704,BanBif renovada,Genial,5,{'label': 'Harry Canales'},2026-01-14 19:23:18+00:00,,pe,2026-06-16T16:06:10.544043
Apple App Store,nueva-banbif-app,6736497481,13633671104,Fácil de usar,Súper útil,5,{'label': 'Morocha26$'},2026-01-14 19:22:43+00:00,,pe,2026-06-16T16:06:10.544043
Apple App Store,nueva-banbif-app,6736497481,13633668781,Excelente,Súper rápida / buenas promociones/ ágil,5,{'label': 'ElisaTM.'},2026-01-14 19:21:52+00:00,,pe,2026-06-16T16:06:10.544043
Apple App Store,nueva-banbif-app,6736497481,13633649323,Muy buen app!,"Excelente app, me permite hacer transacciones de manera rápida",5,{'label': 'Lucciana R11'},2026-01-14 19:14:52+00:00,,pe,2026-06-16T16:06:10.544043
Apple App Store,nueva-banbif-app,6736497481,13633642399,Buenísima aplicación!,Me permite hacer mis operaciones fácilmente y rápido,5,{'label': 'Ferchi17'},2026-01-14 19:12:22+00:00,,pe,2026-06-16T16:06:10.544043
Apple App Store,nueva-banbif-app,6736497481,13633636152,Excelente,Que sigan los updates,5,{'label': 'Angello-54'},2026-01-14 19:10:06+00:00,,pe,2026-06-16T16:06:10.544043
Apple App Store,nueva-banbif-app,6736497481,13633629802,Felicitaciones,Mucho más moderna !,5,{'label': 'Juan francisco C'},2026-01-14 19:07:48+00:00,,pe,2026-06-16T16:06:10.544043
Apple App Store,nueva-banbif-app,6736497481,13633606962,Son lo mejor,La mejor app de la vida,5,{'label': 'Pampisfilr2'},2026-01-14 18:59:37+00:00,,pe,2026-06-16T16:06:10.544043
Apple App Store,nueva-banbif-app,6736497481,13633606345,La mejor APP,La mejor APP,5,{'label': 'Carcen07'},2026-01-14 18:59:23+00:00,,pe,2026-06-16T16:06:10.544043
Apple App Store,nueva-banbif-app,6736497481,13633603275,Lo máximo,Super app!! Me encanta,5,{'label': 'isa🤩🤗🙏🥰'},2026-01-14 18:58:16+00:00,,pe,2026-06-16T16:06:10.544043
Apple App Store,nueva-banbif-app,6736497481,13628976715,Mejor pero,"Ha mejorado muchas cosas pero no se pueden ver los consumos recientes con la tarjeta de crédito, en la anterior app sí se podía",3,{'label': 'elliza1234'},2026-01-13 14:04:28+00:00,,pe,2026-06-16T16:06:10.544043
Apple App Store,nueva-banbif-app,6736497481,13617867537,Excelente cambio!,"Muy buena BanBif acabo de migrar a esta App es muy fluida, gracias 👋",5,{'label': 'Fabrizzio Arellano'},2026-01-10 16:26:57+00:00,,pe,2026-06-16T16:06:10.544043
Apple App Store,nueva-banbif-app,6736497481,13591890364,Abre rápidamente,Es accesible para personas ciegas?,5,{'label': 'Nilgros'},2026-01-04 01:17:02+00:00,,pe,2026-06-16T16:06:10.544043
Apple App Store,nueva-banbif-app,6736497481,13589928264,Excelente,Brillante súper rápida,5,{'label': 'Mac 0675'},2026-01-03 14:22:57+00:00,,pe,2026-06-16T16:06:10.544043
Apple App Store,nueva-banbif-app,6736497481,13570185863,Buena atención,Excelente servicio,5,{'label': 'Neptali Merino'},2025-12-29 19:13:31+00:00,,pe,2026-06-16T16:06:10.544043
Apple App Store,nueva-banbif-app,6736497481,13570105201,Buena app,Lindo interfaz y muy rapida a comparación de la anterior,5,{'label': 'JGunner18'},2025-12-29 18:47:13+00:00,,pe,2026-06-16T16:06:10.544043
Apple App Store,nueva-banbif-app,6736497481,13551608950,EXCELENTE,"Muy buena renovación con el app muy versátil, muy buena presentación y más moderna y más que todo sin perder la esencia de disfrutar todos lo servicios de una banca digital completa 💪🏻😎",5,{'label': 'Alexbau09'},2025-12-25 00:05:49+00:00,,pe,2026-06-16T16:06:10.544043
Apple App Store,nueva-banbif-app,6736497481,13543619402,Excelente,"Excelente App , muy robusta y estable",5,{'label': 'Jaime Madrid Pita'},2025-12-22 19:24:06+00:00,,pe,2026-06-16T16:06:10.544043
Apple App Store,nueva-banbif-app,6736497481,13511205821,muy buena versión,me gusta,5,{'label': 'Cristthian'},2025-12-14 02:50:33+00:00,,pe,2026-06-16T16:06:10.544043
Apple App Store,nueva-banbif-app,6736497481,13470701184,Excelente actualización,"Me gusta mucho la interfaz, mucho más moderna. Le daría 5 estrellas si pudiera configurar los límites transaccionales como en otros bancos, fuera de eso, todo bien.",4,{'label': 'Elisajlb'},2025-12-03 14:53:34+00:00,,pe,2026-06-16T16:06:10.544043
Apple App Store,nueva-banbif-app,6736497481,13434397640,No sirve!!!,"Ingresos mis datos y me sale error, probé en la app anterior y todo ok, no será estafa????",1,{'label': 'Cmarin@'},2025-11-24 05:07:14+00:00,,pe,2026-06-16T16:06:10.544043
Apple App Store,nueva-banbif-app,6736497481,13412576656,No sirve,No me deja ni acceder ni registrarme,1,{'label': 'Dra. Romy'},2025-11-18 11:29:07+00:00,,pe,2026-06-16T16:06:10.544043
Apple App Store,nueva-banbif-app,6736497481,13409554940,PRÁCTICO,DE VERDAD QUE BUENA MEJORA EN ESTE NUEVO APLICATIVO MUCHO MÁS RÁPIDO PARA HACER LAS TRANSACCIONES Y MUY AMIGABLE,5,{'label': 'Tony manco'},2025-11-17 15:24:49+00:00,,pe,2026-06-16T16:06:10.544043
Apple App Store,nueva-banbif-app,6736497481,13393325405,Katya Yrigoin,App súper amigable y fácil de usar,5,{'label': 'Katya Yrigoin'},2025-11-13 15:41:03+00:00,,pe,2026-06-16T16:06:10.544043
Apple App Store,nueva-banbif-app,6736497481,13390069653,Genial,Genial,5,{'label': 'Cobu9'},2025-11-12 19:28:29+00:00,,pe,2026-06-16T16:06:10.544043
Apple App Store,nueva-banbif-app,6736497481,13389613298,Un gran cambio!,La mejora de esta nueva app versus la app anterior es exponencial! Muchas felicidades al banco.,5,{'label': 'César Duarte'},2025-11-12 16:56:30+00:00,,pe,2026-06-16T16:06:10.544043
